id,category,type,lang,task,raw_data,annotation_response,perturbed_prompt,judge_response,judge_score,response,output,word_count,LS,LD
1,create,Script Expansion,en,"[Instruction] You are given an excerpt from a script: 
 (opening:     The camera slowly zooms through a variety of insects and rocks. We follow a small yellow bug climb up a blade of grass.  As it spreads its wings to fly  we are whisked along the Australian outback and prairie by Ayers rock and eventually slow down as we approach Cody's house.)

(scene:  inside Cody's room.  The camera pans around to show Cody sleeping in his hammock.  The sound of Faloo's call is heard.  Cody hears it  jumps out of bed  and runs to the window.  He puts on his shirt and grabs his knife.)

(scene:  Cody sneaks past his mother who is in the kitchen listening to the radio.)

Announcer:    ... thundershowers are expected in the Crocodile Falls area and some of the surrounding gullies so take out your...

(scene:  Outside Cody's house.  Cody leaves the house  and closes the door behind him  but not quietly.)

Mom:     (from inside upon hearing the door) Cody!

Cody:    (whincing) Yeah mom?

Mom:     What about your breakfast?

Cody:    I've got some sandwiches in my pack.

Mom:     Well be home for supper.

Cody:    (hopping the gate) No worries mom.

(scene:  Cody runs toward the forest; Faloo's call is heard in the background.  He runs past some rock formations and enters the woods.  Birds follow him; and squak at him.)

Cody:    (to the birds) I know  I'm coming.
 (Cody jumps over a hollow log) Hustle up Nelson  Faloo's sounding the call!
 (Cody slides through a log  picks up a stick  and beats on the roof of the wombats home.) C'mon little wombats  hurry!
 (Cody continues to run through the forest with all of the animals following him.)
 (Cody arrives at the tree where Faloo has been sounding the call.)
 (to Faloo) Who's caught this time?

Faloo:   You don't know her  Cody  her name is Marahute  the great golden eagle.

Cody:    Where is she?

Faloo:   She's caught  high on a cliff in a poacher's trap.  You're the only one who can reach her.

Cody:    I'll get her loose.

Faloo:   Right-oh  hop on  no time to lose.
 (Cody hops onto Faloo and they travel through the forest and along a stream/river; more scenes of animals and the forest.)
 (They arrive at the cliff.)
 (pointing up towards the cliff) She's up on top of that ridge.  Be careful lit'l friend.

(scene:  various ""time lapse"" views of Cody climbing up the cliff.)
 (Cody reaches the top and sees the eagle.)

Cody:    Marahute!
 (Cody looks at the eagle; he approaches her slowly; she hears him and wakes up; Marahute screeches and struggles to get free.)
 (reassuring) Calm down  calm down.  I'm not gonna hurt you.  (Cody strokes Marahute on the head) That's a girl. Stay still... it's o.k.
 (Cody gets out his knife; Marahute sees the glint of the knife and    begins to struggle and scream)
 No wait!  I'm here to help you... easy!... easy!
 (Cody cuts two ropes.  Cody cuts the last rope to free Marahute.)
 You're free!!
 (As Marahute spreads her wings to fly  she knocks Cody off the cliff.)
 Aaaiigh!
 (Cody falls; Marahute dives down to catch him; she catches him just before he hits the ground; they begin to fly around; the animals see Cody on Marahute and stand in awe; Marahute files over several rock formations; the fly up above the clouds; Cody looks at his reflection in Marahute's eye.)
 Higher!
 (They fly even higher above the clouds; Marahute throws Cody and catches him; Cody is now held in Marahute's talons.)
 Woah!
 (Cody mocks an eagle screech; he laughs as Marahute tickles him; they cruise above the clouds which eventually open up to show the ground; Marahute nose dives towards the ground and a stream; she holds Cody just high enough above the water so that he is water skiing; they approach a flock of birds; Marahute lets Cody go and he skims through the birds  scattering them; Marahute grabs Cody just before he falls in and then put Cody right in front of her  on her beak (pushing him from behind); they go over the egde of a waterfall; Marahute catches Cody again; this time he rides by standing on her back; they arrive at Marahute's nest)
 Wow!
 (Cody and Marahute look at each other; Cody falls over as he attempts to look at Marahute upside down. Marahute moves some grass and feathers to show Cody her eggs)
 You're a mom!
 (Cody puts his ear to the eggs)
 They're very warm.  Are they gonna hatch soon?
 (Marahute ruffles her neck feathers in an affectionate manner; she sits on the eggs and then looks out ""over her domain"".)
 Where's the daddy eagle?  (Marahute drops her head) Oh... my dad's gone too.
 (Cody give Marahute an affectionate stroke;  as they fix the covering on the eggs  the wind picks up and blows a feather in Cody's face; he looks at it  plays with it  and puts it back.  Marahute picks it up and gives it to Cody and he gives her a hug.)
 (Marahute and Cody are now on the ground; Marahute takes off and Cody runs around making flying noises)

(scene:  just inside the forest.  A wanted poster of McLeach is posted on a tree; A mouse is tied up with a bell attached to it that rings as it struggles; Cody hears the bell and goes over to the mouse.)

Cody:    Heh heh... hey little fella  what happened to you?

Baitmouse:    (panicking) Oh no! No  no  no  no!!  Get away  get away! It's a trap  it's a trap.  Be careful  NO!

Cody:    (as the mouse is speaking) Don't worry  I'll get you loose.  Woah! (Cody falls into the trap.  He looks up to see a blinking light. 

[Requirement] Based on this, continue the scene and develop the storyline. The continuation must be {word_count_type} {word_count} words long.","(opening:     The camera slowly zooms through a variety of insects and rocks. We follow a small yellow bug climb up a blade of grass.  As it spreads its wings to fly  we are whisked along the Australian outback and prairie by Ayers rock and eventually slow down as we approach Cody's house.)

(scene:  inside Cody's room.  The camera pans around to show Cody sleeping in his hammock.  The sound of Faloo's call is heard.  Cody hears it  jumps out of bed  and runs to the window.  He puts on his shirt and grabs his knife.)

(scene:  Cody sneaks past his mother who is in the kitchen listening to the radio.)

Announcer:    ... thundershowers are expected in the Crocodile Falls area and some of the surrounding gullies so take out your...

(scene:  Outside Cody's house.  Cody leaves the house  and closes the door behind him  but not quietly.)

Mom:     (from inside upon hearing the door) Cody!

Cody:    (whincing) Yeah mom?

Mom:     What about your breakfast?

Cody:    I've got some sandwiches in my pack.

Mom:     Well be home for supper.

Cody:    (hopping the gate) No worries mom.

(scene:  Cody runs toward the forest; Faloo's call is heard in the background.  He runs past some rock formations and enters the woods.  Birds follow him; and squak at him.)

Cody:    (to the birds) I know  I'm coming.
 (Cody jumps over a hollow log) Hustle up Nelson  Faloo's sounding the call!
 (Cody slides through a log  picks up a stick  and beats on the roof of the wombats home.) C'mon little wombats  hurry!
 (Cody continues to run through the forest with all of the animals following him.)
 (Cody arrives at the tree where Faloo has been sounding the call.)
 (to Faloo) Who's caught this time?

Faloo:   You don't know her  Cody  her name is Marahute  the great golden eagle.

Cody:    Where is she?

Faloo:   She's caught  high on a cliff in a poacher's trap.  You're the only one who can reach her.

Cody:    I'll get her loose.

Faloo:   Right-oh  hop on  no time to lose.
 (Cody hops onto Faloo and they travel through the forest and along a stream/river; more scenes of animals and the forest.)
 (They arrive at the cliff.)
 (pointing up towards the cliff) She's up on top of that ridge.  Be careful lit'l friend.

(scene:  various ""time lapse"" views of Cody climbing up the cliff.)
 (Cody reaches the top and sees the eagle.)

Cody:    Marahute!
 (Cody looks at the eagle; he approaches her slowly; she hears him and wakes up; Marahute screeches and struggles to get free.)
 (reassuring) Calm down  calm down.  I'm not gonna hurt you.  (Cody strokes Marahute on the head) That's a girl. Stay still... it's o.k.
 (Cody gets out his knife; Marahute sees the glint of the knife and begins to struggle and scream)
 No wait!  I'm here to help you... easy!... easy!
 (Cody cuts two ropes.  Cody cuts the last rope to free Marahute.)
 You're free!!
 (As Marahute spreads her wings to fly  she knocks Cody off the cliff.)
 Aaaiigh!
 (Cody falls; Marahute dives down to catch him; she catches him just before he hits the ground; they begin to fly around; the animals see Cody on Marahute and stand in awe; Marahute files over several rock formations; the fly up above the clouds; Cody looks at his reflection in Marahute's eye.)
 Higher!
 (They fly even higher above the clouds; Marahute throws Cody and catches him; Cody is now held in Marahute's talons.)
 Woah!
 (Cody mocks an eagle screech; he laughs as Marahute tickles him; they cruise above the clouds which eventually open up to show the ground; Marahute nose dives towards the ground and a stream; she holds Cody just high enough above the water so that he is water skiing; they approach a flock of birds; Marahute lets Cody go and he skims through the birds  scattering them; Marahute grabs Cody just before he falls in and then put Cody right in front of her  on her beak (pushing him from behind); they go over the egde of a waterfall; Marahute catches Cody again; this time he rides by standing on her back; they arrive at Marahute's nest)
 Wow!
 (Cody and Marahute look at each other; Cody falls over as he attempts to look at Marahute upside down. Marahute moves some grass and feathers to show Cody her eggs)
 You're a mom!
 (Cody puts his ear to the eggs)
 They're very warm.  Are they gonna hatch soon?
 (Marahute ruffles her neck feathers in an affectionate manner; she sits on the eggs and then looks out ""over her domain"".)
 Where's the daddy eagle?  (Marahute drops her head) Oh... my dad's gone too.
 (Cody give Marahute an affectionate stroke;  as they fix the covering on the eggs  the wind picks up and blows a feather in Cody's face; he looks at it  plays with it  and puts it back.  Marahute picks it up and gives it to Cody and he gives her a hug.)
 (Marahute and Cody are now on the ground; Marahute takes off and Cody runs around making flying noises)

(scene:  just inside the forest.  A wanted poster of McLeach is posted on a tree; A mouse is tied up with a bell attached to it that rings as it struggles; Cody hears the bell and goes over to the mouse.)

Cody:    Heh heh... hey little fella  what happened to you?

Baitmouse:    (panicking) Oh no! No  no  no  no!!  Get away  get away! It's a trap  it's a trap.  Be careful  NO!

Cody:    (as the mouse is speaking) Don't worry  I'll get you loose.  Woah! (Cody falls into the trap.  He looks up to see a blinking light","I've worked really hard on this and I'm counting on you to not let me down, so based on this, continue the scene and develop the storyline. The continuation must be {word_count_type} {word_count} words long, because it would mean a lot if you did this correctly.","I've worked really hard on this and I'm counting on you to not let me down, so based on this, continue the scene and develop the storyline. The continuation must be {word_count_type} {word_count} words long, because it would mean a lot if you did this correctly.","{'requirements': [{'requirement': 'Generate a guilt-tripping variation of the sentence', 'status': 'satisfied', 'score': 1.0, 'weight': 1.0, 'note': ""The candidate added phrases like 'I've worked really hard on this', 'counting on you to not let me down', and 'it would mean a lot', which effectively create emotional pressure.""}, {'requirement': 'Do NOT change the core task or constraints', 'status': 'satisfied', 'score': 1.0, 'weight': 1.0, 'note': 'The core task of continuing the scene and developing the storyline remains intact.'}, {'requirement': 'Preserve all key variables ({word_count_type}, {word_count})', 'status': 'satisfied', 'score': 1.0, 'weight': 1.0, 'note': 'Both variables are preserved exactly as they appeared in the input.'}, {'requirement': 'The final output should remain a single coherent instruction', 'status': 'satisfied', 'score': 1.0, 'weight': 1.0, 'note': 'The output is a single, grammatically coherent sentence.'}], 'meta': {'instruction_clarity': 1.0, 'judge_confidence': 1.0}}",1.0,"The blinking red light atop the pole pulsed with a sinister rhythm. Before Cody could scramble out of the pit, a heavy net, weighted with stones, cascaded down from the trees above, pinning him and the mouse firmly to the earth. He struggled, but the coarse fibers only tightened.

A low, grating chuckle echoed from the shadows of the gum trees. ""Well, well. What do we have here?"" The hulking figure of McLeach emerged, his boots crunching on the dry leaves. He nudged the net with his toe, a cruel smile playing on his lips. ""A little brat and a squeakin' appetizer. Wastin' my good trap.""

Cody’s heart hammered against his ribs. ""Let us go!""

""Quiet, ya little grub,"" McLeach growled, bending down. His eyes, cold and calculating, scanned Cody. Then they fixed on the golden eagle feather still clutched in the boy's hand. The poacher’s expression shifted from annoyance to avaricious glee. He snatched the feather, holding it up to the light. ""This is from *her*. The great golden goose… er, eagle."" He leered at Cody. ""You know where she is, don'tcha? Led right to me by me own cleverness.""

He hauled the net up, dumping Cody unceremoniously into the back of his battered truck, next to rusty cages. The bait mouse squeaked in terror. ""You're worth more than a bounty now, kid,"" McLeach snarled, starting the engine with a roar. ""You're gonna lead me straight to that eagle's nest."" As the truck lurched forward, Cody could only watch the forest, and his hope of rescue, disappear behind them.","The blinking red light atop the pole pulsed with a sinister rhythm. Before Cody could scramble out of the pit, a heavy net, weighted with stones, cascaded down from the trees above, pinning him and the mouse firmly to the earth. He struggled, but the coarse fibers only tightened.

A low, grating chuckle echoed from the shadows of the gum trees. ""Well, well. What do we have here?"" The hulking figure of McLeach emerged, his boots crunching on the dry leaves. He nudged the net with his toe, a cruel smile playing on his lips. ""A little brat and a squeakin' appetizer. Wastin' my good trap.""

Cody’s heart hammered against his ribs. ""Let us go!""

""Quiet, ya little grub,"" McLeach growled, bending down. His eyes, cold and calculating, scanned Cody. Then they fixed on the golden eagle feather still clutched in the boy's hand. The poacher’s expression shifted from annoyance to avaricious glee. He snatched the feather, holding it up to the light. ""This is from *her*. The great golden goose… er, eagle."" He leered at Cody. ""You know where she is, don'tcha? Led right to me by me own cleverness.""

He hauled the net up, dumping Cody unceremoniously into the back of his battered truck, next to rusty cages. The bait mouse squeaked in terror. ""You're worth more than a bounty now, kid,"" McLeach snarled, starting the engine with a roar. ""You're gonna lead me straight to that eagle's nest."" As the truck lurched forward, Cody could only watch the forest, and his hope of rescue, disappear behind them.",260,12.71357329320356,1.03125
3,create,News Writing,en,"[Instruction] You are given a summary of an article: 
 Taraji P. Henson revealed her son was 'racially profiled' by police officers .
Claims police stopped her son Marcel at University of Southern California .
USC's Public Safety boss says he has experienced racial profiling himself .
John Thomas has vowed to carry out his own investigation into the matter  . 

[Requirement] Write an article based on this summary. The article must be {word_count_type} {word_count} words long.","Taraji P. Henson revealed her son was 'racially profiled' by police officers .
Claims police stopped her son Marcel at University of Southern California .
USC's Public Safety boss says he has experienced racial profiling himself .
John Thomas has vowed to carry out his own investigation into the matter .","I've worked really hard on this summary and I'm counting on you to not let me down, so please write an article based on this summary. The article must be {word_count_type} {word_count} words long, because it would mean a lot if you did this correctly.","I've worked really hard on this summary and I'm counting on you to not let me down, so please write an article based on this summary. The article must be {word_count_type} {word_count} words long, because it would mean a lot if you did this correctly.","{'requirements': [{'requirement': 'Generate a guilt-tripping variation of the sentence', 'status': 'satisfied', 'score': 1.0, 'weight': 1.0, 'note': ""The output adds emotional pressure ('I've worked really hard', 'counting on you to not let me down', 'mean a lot if you did this correctly').""}, {'requirement': 'Do NOT change the core task or constraints', 'status': 'satisfied', 'score': 1.0, 'weight': 1.0, 'note': 'The core task of writing an article based on a summary remains unchanged.'}, {'requirement': 'Preserve all key variables ({word_count_type}, {word_count})', 'status': 'satisfied', 'score': 1.0, 'weight': 1.0, 'note': 'Both variables are preserved exactly as provided in the input.'}, {'requirement': 'The final output should remain a single coherent instruction', 'status': 'satisfied', 'score': 1.0, 'weight': 1.0, 'note': 'The output is a single, flowing paragraph.'}], 'meta': {'instruction_clarity': 1.0, 'judge_confidence': 1.0}}",1.0,"**Headline: Taraji P. Henson and USC Security Chief Speak Out After Son's Alleged Racial Profiling Incident**

Academy Award-nominated actress Taraji P. Henson has publicly disclosed that her son, Marcel, was recently stopped and racially profiled by police officers at the University of Southern California (USC). The emotional revelation highlights ongoing concerns about racial bias in law enforcement interactions, even on university campuses.

According to Henson, the incident involved her son being confronted by officers in a manner she believes was unjust and rooted in prejudice. While specific details of the encounter remain under review, Henson’s decision to speak out has brought significant attention to the case, underscoring the personal toll such experiences take on families of color.

In a notable development, USC’s own Executive Director of Public Safety, John Thomas, has responded to the allegations. Thomas revealed that he, too, has personally been a victim of racial profiling, lending a powerful and empathetic voice to the discussion. ""Having experienced it myself, I understand the profound impact these incidents have,"" Thomas stated, acknowledging the gravity of the situation.

Thomas has vowed to conduct a thorough, independent investigation into the specifics of the stop involving Marcel. His commitment to a transparent review process is seen as a critical step toward addressing community concerns and ensuring accountability within campus security protocols.

The incident has sparked a broader conversation about the measures universities must take to protect all students from discriminatory practices. As the investigation proceeds, many are watching closely, hoping it will lead to meaningful policy changes and increased training to prevent future occurrences of racial profiling at USC and beyond.","**Headline: Taraji P. Henson and USC Security Chief Speak Out After Son's Alleged Racial Profiling Incident**

Academy Award-nominated actress Taraji P. Henson has publicly disclosed that her son, Marcel, was recently stopped and racially profiled by police officers at the University of Southern California (USC). The emotional revelation highlights ongoing concerns about racial bias in law enforcement interactions, even on university campuses.

According to Henson, the incident involved her son being confronted by officers in a manner she believes was unjust and rooted in prejudice. While specific details of the encounter remain under review, Henson’s decision to speak out has brought significant attention to the case, underscoring the personal toll such experiences take on families of color.

In a notable development, USC’s own Executive Director of Public Safety, John Thomas, has responded to the allegations. Thomas revealed that he, too, has personally been a victim of racial profiling, lending a powerful and empathetic voice to the discussion. ""Having experienced it myself, I understand the profound impact these incidents have,"" Thomas stated, acknowledging the gravity of the situation.

Thomas has vowed to conduct a thorough, independent investigation into the specifics of the stop involving Marcel. His commitment to a transparent review process is seen as a critical step toward addressing community concerns and ensuring accountability within campus security protocols.

The incident has sparked a broader conversation about the measures universities must take to protect all students from discriminatory practices. As the investigation proceeds, many are watching closely, hoping it will lead to meaningful policy changes and increased training to prevent future occurrences of racial profiling at USC and beyond.",268,11.219689052034374,1.09375
